EbNo_dB,BLER_matlab_AE
0.0,0.200
0.5,0.170
1.0,0.130
1.5,0.100
2.0,0.078
2.5,0.055
3.0,0.037
3.5,0.025
4.0,0.017
4.5,0.0094
5.0,0.0063
5.5,0.0040
6.0,0.00105
6.5,0.00033
7.0,0.00027
7.5,0.000055
8.0,0.000021
